{"aiResult": {"dataBuffer": "{\"ID\":\"764718\",\"aiAppCode\":\"\",\"aiApplication\":\"LungCareAI\",\"aiCorporation\":\"AccuRad\",\"aiID\":\"\",\"aiVersion\":\"2.0\",\"detectionResult\":[{\"imageDetail\":[{\"annotation\":[{\"KPI\":0,\"LabelGUID\":\"{316d1efc-51c0-423a-bb6a-cb4463267f45}\",\"des\":\"\u7ed3\u8282\",\"points\":[{\"x\":298.3021240234375,\"y\":349.77301025390625,\"z\":0},{\"x\":334.06085205078125,\"y\":382.28094482421875,\"z\":0}],\"type\":\"RECT\"}],\"frameNumber\":0,\"imageConclusion\":\" \",\"imageHeight\":512,\"imageInstanceUid\":\"1.3.6.1.4.1.14519.5.2.1.6279.6001.297813206491522913194774892711\",\"imageWidth\":512,\"other\":\" \",\"sliceLocation\":0,\"vocabularyEntry\":\" \"},{\"annotation\":[{\"KPI\":0,\"LabelGUID\":\"{846a465a-dd20-45e9-bdb8-2c97ada48dac}\",\"des\":\"\u7ed3\u8282\",\"points\":[{\"x\":392.95999145507812,\"y\":195.83999633789062,\"z\":72},{\"x\":409.60000610351562,\"y\":211.83999633789062,\"z\":72}],\"type\":\"RECT\"}],\"frameNumber\":0,\"imageConclusion\":\" \",\"imageHeight\":512,\"imageInstanceUid\":\"1.3.6.1.4.1.14519.5.2.1.6279.6001.105773495213395943047351590265\",\"imageWidth\":512,\"other\":\" \",\"sliceLocation\":0,\"vocabularyEntry\":\" \"}],\"other\":\" \",\"seriesConclusion\":\"LungNodule\",\"seriesInstanceUID\":\"1.3.6.1.4.1.14519.5.2.1.6279.6001.179049373636438705059720603192\"}],\"negativePositive \":\" \",\"other\":\" \",\"studyConclusion\":\" \",\"studyInstanceUID\":\"1.3.6.1.4.1.14519.5.2.1.6279.6001.298806137288633453246975630178\",\"userID\":\"0\",\"vocabularyEntry\":\" \"}", "userID": "159357", "aiDateTime": "20190123"}, "resultMsg": "success", "isSuccess": 1, "resultCode": "0"}