{
	"aiResult": [{"userID":"111","aiDateTime":"222","dataBuffer": "[{\"negativePositive\": \" \", \"studyConclusion\": \" \", \"aiVersion\": \"2.0\", \"aiApplication\": \"LungCareAI\", \"other\": \" \", \"vocabularyEntry\": \" \", \"studyInstanceUID\": \"1.3.6.1.4.1.14519.5.2.1.6279.6001.298806137288633453246975630178\", \"aiCorporation\": \"AccuRad\", \"detectionResult\": [{\"seriesInstanceUID\": \"1.3.6.1.4.1.14519.5.2.1.6279.6001.179049373636438705059720603192\", \"seriesConclusion\": \"LungNodule\", \"other\": \" \", \"imageDetail\": [{\"frameNumber\": 0, \"sliceLocation\": 0, \"vocabularyEntry\": \" \", \"annotation\": [{\"KPI\": 0, \"des\": \"\\u7ed3\\u8282\", \"type\": \"RECT\", \"points\": [{\"y\": 357.75999999999999, \"x\": 305.92000000000002, \"z\": 42}, {\"y\": 376.31999999999999, \"x\": 325.75999999999999, \"z\": 42}]}], \"other\": \" \", \"imageHeight\": 512, \"imageWidth\": 512, \"imageInstanceUid\": \"1.3.6.1.4.1.14519.5.2.1.6279.6001.297813206491522913194774892711\", \"imageConclusion\": \" \"}, {\"frameNumber\": 0, \"sliceLocation\": 0, \"vocabularyEntry\": \" \", \"annotation\": [{\"KPI\": 0, \"des\": \"\\u7ed3\\u8282\", \"type\": \"RECT\", \"points\": [{\"y\": 195.84, \"x\": 392.95999999999998, \"z\": 72}, {\"y\": 211.84, \"x\": 409.60000000000002, \"z\": 72}]}], \"other\": \" \", \"imageHeight\": 512, \"imageWidth\": 512, \"imageInstanceUid\": \"1.3.6.1.4.1.14519.5.2.1.6279.6001.105773495213395943047351590265\", \"imageConclusion\": \" \"}]}], \"ID\": \"764718\"}]"}],
	"isSuccess": true,
	"resultCode": "0",
	"resultMsg": "success"
}